{"mean":{"confidence_interval":{"confidence_level":0.95,"lower_bound":8505682.573333338,"upper_bound":8514397.159875002},"point_estimate":8509655.785000002,"standard_error":2227.9618772437902},"median":{"confidence_interval":{"confidence_level":0.95,"lower_bound":8500560.666666666,"upper_bound":8505051.833333334},"point_estimate":8502699.333333332,"standard_error":1098.3202517219893},"median_abs_dev":{"confidence_interval":{"confidence_level":0.95,"lower_bound":4992.161211373263,"upper_bound":9480.114881694317},"point_estimate":6627.221882341912,"standard_error":1193.8387159631145},"slope":null,"std_dev":{"confidence_interval":{"confidence_level":0.95,"lower_bound":12899.238548728348,"upper_bound":30851.984204316348},"point_estimate":22261.087523403534,"standard_error":4667.534363277795}}