{
  "batch_sizes": [
    1,
    2,
    4,
    8,
    16,
    32,
    64,
    128,
    256
  ],
  "total_time": [
    20.13533854484558,
    12.384130080540976,
    7.619889100392659,
    4.696191390355428,
    2.913318157196045,
    1.8189475536346436,
    1.1182234287261963,
    0.6897556781768799,
    0.42280300458272296
  ],
  "total_time_std": [
    0.005853886865451415,
    0.006338961378738953,
    0.004062379061145237,
    0.005224545998597961,
    0.002491996161366174,
    0.0033230926952900627,
    0.0010521622506627067,
    0.0029298087440488623,
    5.788887329857405e-05
  ],
  "avg_time_per_proof": [
    0.02013533854484558,
    0.02476826016108195,
    0.030479556401570636,
    0.03756953112284342,
    0.04661309051513672,
    0.058206321716308594,
    0.07156629943847656,
    0.08828872680664063,
    0.10823756917317708
  ],
  "proof_size": [
    672,
    704,
    736,
    768,
    800,
    832,
    864,
    896,
    928
  ],
  "efficiency": [
    13.53094750213623,
    17.436855153401694,
    22.432953511555986,
    28.853399902343746,
    37.290472412109374,
    48.42765966796875,
    61.83328271484375,
    79.10669921875001,
    100.44446419270832
  ]
}