{
  "num_reports": [
    10,
    50,
    100,
    250,
    500,
    1000
  ],
  "without_zkp": [
    4.100799560546875e-06,
    1.2493133544921875e-05,
    2.3937225341796876e-05,
    5.702972412109375e-05,
    0.00012717247009277343,
    0.0002597332000732422
  ],
  "without_zkp_std": [
    1.945121579587091e-06,
    9.24621554835573e-07,
    1.910921565009487e-06,
    2.0140373308127288e-06,
    6.57551352536705e-06,
    1.1437732201053582e-05
  ],
  "with_zkp": [
    0.00012345314025878905,
    0.00047550201416015627,
    0.0009654045104980468,
    0.0024037837982177736,
    0.004851293563842773,
    0.009862184524536133
  ],
  "with_zkp_std": [
    3.407247579829021e-05,
    1.6752260523659593e-05,
    3.337975908722961e-05,
    0.00012012127122706859,
    8.037222912355511e-05,
    0.00010308012860864794
  ],
  "overhead_ratio": [
    30.104651162790695,
    38.06106870229008,
    40.33067729083665,
    42.14966555183947,
    38.14735658042745,
    37.97044244538278
  ]
}