{
  "num_reports": [
    10,
    50,
    100,
    250,
    500,
    1000
  ],
  "without_zkp": [
    4.339218139648437e-06,
    1.2350082397460937e-05,
    2.3984909057617186e-05,
    5.7220458984375e-05,
    0.00012311935424804687,
    0.0002589702606201172
  ],
  "without_zkp_std": [
    2.0420659165729385e-06,
    9.933789566039878e-07,
    1.642148528835541e-06,
    3.11590371183482e-06,
    4.436379756779864e-06,
    1.3289478118563425e-05
  ],
  "with_zkp": [
    0.00012416839599609374,
    0.0004637718200683594,
    0.0009378910064697266,
    0.0023285865783691405,
    0.004719352722167969,
    0.00956273078918457
  ],
  "with_zkp_std": [
    3.650511566003122e-05,
    1.723118220961029e-05,
    2.083860216781592e-05,
    6.149635559735695e-05,
    0.00013692930093562038,
    0.0001456139983575773
  ],
  "overhead_ratio": [
    28.615384615384613,
    37.552123552123554,
    39.10337972166998,
    40.695,
    38.331525948876845,
    36.92598048241576
  ]
}